{"cameraMode":{"drawMode":0,"name":"Shaded","section":"Shading Mode"},"sceneLighting":true,"audioPlay":false,"sceneViewState":{"m_AlwaysRefresh":false,"showFog":true,"showSkybox":true,"showFlares":true,"showImageEffects":true,"showParticleSystems":true,"showVisualEffectGraphs":true,"m_FxEnabled":true},"in2DMode":false,"pivot":{"x":121.83708953857422,"y":83.1115493774414,"z":66.79435729980469},"rotation":{"x":-0.003421155037358403,"y":0.983885645866394,"z":-0.17783592641353608,"w":-0.020725203678011895},"size":155.46099853515626,"orthographic":false}