{"cameraMode":{"drawMode":0,"name":"Shaded","section":"Shading Mode"},"sceneLighting":false,"audioPlay":false,"sceneViewState":{"m_AlwaysRefresh":false,"showFog":true,"showSkybox":true,"showFlares":true,"showImageEffects":true,"showParticleSystems":true,"showVisualEffectGraphs":true,"m_FxEnabled":true},"in2DMode":false,"pivot":{"x":3.6944077014923097,"y":1.4444997310638428,"z":-0.9056651592254639},"rotation":{"x":-0.014901482500135899,"y":-0.8263910412788391,"z":0.021786583587527276,"w":-0.562518835067749},"size":2.2273037433624269,"orthographic":false}