{"cameraMode":{"drawMode":0,"name":"Shaded","section":"Shading Mode"},"sceneLighting":true,"audioPlay":false,"sceneViewState":{"m_AlwaysRefresh":false,"showFog":true,"showSkybox":true,"showFlares":true,"showImageEffects":true,"showParticleSystems":true,"showVisualEffectGraphs":true,"m_FxEnabled":true},"in2DMode":false,"pivot":{"x":191.75491333007813,"y":39.76751708984375,"z":-12.814605712890625},"rotation":{"x":0.15780450403690339,"y":-0.803175151348114,"z":0.24372725188732148,"w":0.5202839970588684},"size":10.691070556640625,"orthographic":false}