{"cameraMode":{"drawMode":0,"name":"Shaded","section":"Shading Mode"},"sceneLighting":true,"audioPlay":false,"sceneViewState":{"m_AlwaysRefresh":false,"showFog":true,"showSkybox":true,"showFlares":true,"showImageEffects":true,"showParticleSystems":true,"showVisualEffectGraphs":true,"m_FxEnabled":true},"in2DMode":false,"pivot":{"x":1.2525877952575684,"y":-1.2697172164916993,"z":43.742733001708987},"rotation":{"x":0.0683121383190155,"y":-0.050490304827690127,"z":0.002961741993203759,"w":0.9966282248497009},"size":18.90994644165039,"orthographic":false}